{"cameraMode":{"drawMode":0,"name":"Shaded","section":"Shading Mode"},"sceneLighting":false,"audioPlay":false,"sceneViewState":{"m_AlwaysRefresh":false,"showFog":true,"showSkybox":false,"showFlares":true,"showImageEffects":true,"showParticleSystems":true,"showVisualEffectGraphs":true,"m_FxEnabled":true},"in2DMode":false,"pivot":{"x":0.5325759053230286,"y":-0.7261954545974731,"z":0.4205401539802551},"rotation":{"x":-0.13863515853881837,"y":-0.7386117577552795,"z":0.15998685359954835,"w":-0.6400492191314697},"size":1.4844223260879517,"orthographic":false}