{"cameraMode":{"drawMode":0,"name":"Shaded","section":"Shading Mode"},"sceneLighting":false,"audioPlay":false,"sceneViewState":{"m_AlwaysRefresh":false,"showFog":true,"showSkybox":true,"showFlares":true,"showImageEffects":true,"showParticleSystems":true,"showVisualEffectGraphs":true,"m_FxEnabled":true},"in2DMode":false,"pivot":{"x":-0.13152027130126954,"y":-2.9191527366638185,"z":-0.0820159912109375},"rotation":{"x":0.000028689823011518456,"y":-0.9943557381629944,"z":0.0003067147044930607,"w":0.10627275705337525},"size":9.355816841125489,"orthographic":false}