{"cameraMode":{"drawMode":0,"name":"Shaded","section":"Shading Mode"},"sceneLighting":false,"audioPlay":false,"sceneViewState":{"m_AlwaysRefresh":false,"showFog":true,"showSkybox":true,"showFlares":true,"showImageEffects":true,"showParticleSystems":true,"showVisualEffectGraphs":true,"m_FxEnabled":true},"in2DMode":false,"pivot":{"x":-3.6076459884643556,"y":23.77499771118164,"z":-0.29394692182540896},"rotation":{"x":0.13967406749725343,"y":0.8139668703079224,"z":-0.21906854212284089,"w":0.5196959972381592},"size":1.155941128730774,"orthographic":false}