{"cameraMode":{"drawMode":0,"name":"Shaded","section":"Shading Mode"},"sceneLighting":false,"audioPlay":false,"sceneViewState":{"m_AlwaysRefresh":false,"showFog":true,"showSkybox":false,"showFlares":true,"showImageEffects":true,"showParticleSystems":true,"showVisualEffectGraphs":true,"m_FxEnabled":true},"in2DMode":false,"pivot":{"x":1.3564132452011109,"y":0.4970049560070038,"z":0.5897371172904968},"rotation":{"x":-0.04652680456638336,"y":0.9533914923667908,"z":-0.21701344847679139,"w":-0.20440363883972169},"size":4.874235153198242,"orthographic":false}