{"cameraMode":{"drawMode":0,"name":"Shaded","section":"Shading Mode"},"sceneLighting":false,"audioPlay":false,"sceneViewState":{"m_AlwaysRefresh":false,"showFog":true,"showSkybox":false,"showFlares":true,"showImageEffects":true,"showParticleSystems":true,"showVisualEffectGraphs":true,"m_FxEnabled":true},"in2DMode":false,"pivot":{"x":11.052677154541016,"y":-11.221420288085938,"z":15.857004165649414},"rotation":{"x":-0.2479461431503296,"y":-0.30400943756103518,"z":0.08227839320898056,"w":-0.9161447286605835},"size":12.646613121032715,"orthographic":false}