{"cameraMode":{"drawMode":0,"name":"Shaded","section":"Shading Mode"},"sceneLighting":false,"audioPlay":false,"sceneViewState":{"m_AlwaysRefresh":false,"showFog":true,"showSkybox":false,"showFlares":true,"showImageEffects":true,"showParticleSystems":true,"showVisualEffectGraphs":true,"m_FxEnabled":true},"in2DMode":false,"pivot":{"x":-0.19869890809059144,"y":1.021927833557129,"z":0.10040999948978424},"rotation":{"x":0.033880844712257388,"y":0.9353756308555603,"z":-0.09317969530820847,"w":0.33963462710380556},"size":2.027784585952759,"orthographic":false}