{"cameraMode":{"drawMode":0,"name":"Shaded","section":"Shading Mode"},"sceneLighting":false,"audioPlay":false,"sceneViewState":{"m_AlwaysRefresh":false,"showFog":true,"showSkybox":false,"showFlares":true,"showImageEffects":true,"showParticleSystems":true,"showVisualEffectGraphs":true,"m_FxEnabled":true},"in2DMode":false,"pivot":{"x":0.7528336048126221,"y":1.1195874214172364,"z":0.8318739533424377},"rotation":{"x":-0.1751624047756195,"y":0.7351201772689819,"z":-0.20727203786373139,"w":-0.6213284134864807},"size":1.2167155742645264,"orthographic":false}