{"cameraMode":{"drawMode":0,"name":"Shaded","section":"Shading Mode"},"sceneLighting":false,"audioPlay":false,"sceneViewState":{"m_AlwaysRefresh":false,"showFog":true,"showSkybox":false,"showFlares":true,"showImageEffects":true,"showParticleSystems":true,"showVisualEffectGraphs":true,"m_FxEnabled":true},"in2DMode":false,"pivot":{"x":0.02110767364501953,"y":0.9699693918228149,"z":-0.0012587308883666993},"rotation":{"x":0.015669047832489015,"y":0.9639350175857544,"z":-0.2593255341053009,"w":0.058183759450912479},"size":2.4340531826019289,"orthographic":false}