{"cameraMode":{"drawMode":0,"name":"Shaded","section":"Shading Mode"},"sceneLighting":false,"audioPlay":false,"sceneViewState":{"m_AlwaysRefresh":false,"showFog":true,"showSkybox":false,"showFlares":true,"showImageEffects":true,"showParticleSystems":true,"showVisualEffectGraphs":true,"m_FxEnabled":true},"in2DMode":false,"pivot":{"x":1.5986964702606202,"y":-0.2591233253479004,"z":-1.149794101715088},"rotation":{"x":0.05715881660580635,"y":0.9425760507583618,"z":-0.22201696038246156,"w":0.24300596117973329},"size":3.674234628677368,"orthographic":false}