{"cameraMode":{"drawMode":0,"name":"Shaded","section":"Shading Mode"},"sceneLighting":false,"audioPlay":false,"sceneViewState":{"m_AlwaysRefresh":true,"showFog":true,"showSkybox":false,"showFlares":true,"showImageEffects":true,"showParticleSystems":true,"showVisualEffectGraphs":true,"m_FxEnabled":true},"in2DMode":false,"pivot":{"x":-5.716585159301758,"y":3.3275907039642336,"z":6.9329400062561039},"rotation":{"x":-0.04397067055106163,"y":-0.21117998659610749,"z":-0.009497367776930333,"w":0.9764055013656616},"size":12.461819648742676,"orthographic":false}