{"cameraMode":{"drawMode":0,"name":"Shaded","section":"Shading Mode"},"sceneLighting":false,"audioPlay":false,"sceneViewState":{"m_AlwaysRefresh":false,"showFog":true,"showSkybox":false,"showFlares":true,"showImageEffects":true,"showParticleSystems":true,"showVisualEffectGraphs":true,"m_FxEnabled":true},"in2DMode":false,"pivot":{"x":-0.00023752450942993164,"y":0.7796000838279724,"z":-0.002419710159301758},"rotation":{"x":0.015669047832489015,"y":0.9639350175857544,"z":-0.2593255341053009,"w":0.058183759450912479},"size":4.293025970458984,"orthographic":false}