{"cameraMode":{"drawMode":0,"name":"Shaded","section":"Shading Mode"},"sceneLighting":false,"audioPlay":false,"sceneViewState":{"m_AlwaysRefresh":false,"showFog":true,"showSkybox":false,"showFlares":true,"showImageEffects":true,"showParticleSystems":true,"showVisualEffectGraphs":true,"m_FxEnabled":true},"in2DMode":false,"pivot":{"x":-2.0286502838134767,"y":0.718039333820343,"z":0.16591286659240724},"rotation":{"x":-0.20116302371025086,"y":-0.7027420997619629,"z":0.21885991096496583,"w":-0.6464664936065674},"size":1.4844223260879517,"orthographic":false}