{"cameraMode":{"drawMode":0,"name":"Shaded","section":"Shading Mode"},"sceneLighting":true,"audioPlay":false,"sceneViewState":{"m_AlwaysRefresh":true,"showFog":true,"showSkybox":true,"showFlares":true,"showImageEffects":true,"showParticleSystems":true,"showVisualEffectGraphs":true,"m_FxEnabled":true},"in2DMode":false,"pivot":{"x":-83.25894165039063,"y":13.008787155151368,"z":33.216209411621097},"rotation":{"x":0.09450393915176392,"y":-0.8961386680603027,"z":0.23073790967464448,"w":0.36710473895072939},"size":1.2550990581512452,"orthographic":false}